{"cameraMode":{"drawMode":0,"name":"Shaded","section":"Shading Mode"},"sceneLighting":true,"audioPlay":false,"sceneViewState":{"m_AlwaysRefresh":false,"showFog":true,"showSkybox":true,"showFlares":true,"showImageEffects":true,"showParticleSystems":true,"showVisualEffectGraphs":true,"m_FxEnabled":true},"in2DMode":false,"pivot":{"x":6.899240493774414,"y":-71.24732971191406,"z":-273.75201416015627},"rotation":{"x":0.26084765791893008,"y":-0.6055285930633545,"z":0.21966397762298585,"w":0.7190575003623962},"size":105.10769653320313,"orthographic":true}